OPJU_R_30126.MP4,627,386,778,376
IEGA_S_41738.MP4,601,361,756,359
TRMG_S_107521.MP4,591,346,742,354
XOCI_S_16793.MP4,491,394,614,382
KVYJ_S_24408.MP4,586,341,715,348
JFBI_S_62234.MP4,561,378,720,384
LECL_R_110978.MP4,618,355,769,356
RBZU_S_37729.MP4,601,380,711,379
VCSO_S_710664.MP4,589,334,776,329
BVGA_S_41738.MP4,568,264,717,260
EXVG_S_610498.MP4,564,329,690,339
XJJH_S_58614.MP4,555,353,668,358
GUQM_S_28335.MP4,652,261,804,279
ITYG_S_210854.MP4,537,396,676,400
SFEX_S_82574.MP4,565,348,719,351
YFPD_S_81139.MP4,561,303,726,298
NPXC_R_37729.MP4,675,300,809,297
ZBSZ_S_81139.MP4,605,341,766,350
VYSE_R_10963.MP4,563,239,721,234
IBSU_R_16793.MP4,567,361,703,357
JQNA_R_36884.MP4,592,318,720,320
AWHF_R_48056.MP4,564,260,704,260
QLNH_S_41738.MP4,567,377,700,375
ASOP_S_07187.MP4,630,378,762,371
IXYU_R_904103.MP4,630,338,774,343
PFWE_S_4510101.MP4,630,358,774,361
YKDT_S_28335.MP4,552,392,665,384
LYMD_R_16793.MP4,550,281,704,290
AIZE_R_28335.MP4,665,357,828,358
LXCP_R_4510101.MP4,623,412,745,416
AXPO_S_81139.MP4,661,376,793,374
FZWY_S_30126.MP4,546,379,707,379
PRFI_R_24408.MP4,591,266,776,269
VKJQ_R_470102.MP4,592,290,719,287
GGYT_R_27650.MP4,634,329,764,334
RVTG_S_4510101.MP4,579,300,721,315
HRDF_S_470102.MP4,663,337,833,340
CZLY_S_470102.MP4,498,375,688,378
QMSW_S_110978.MP4,589,260,726,259
ZGYB_R_43142.MP4,608,330,778,331
