OPJU_R_30126.MP4,509,185,875,653
IEGA_S_41738.MP4,503,201,834,638
TRMG_S_107521.MP4,500,176,807,608
XOCI_S_16793.MP4,405,251,690,595
KVYJ_S_24408.MP4,472,197,803,583
JFBI_S_62234.MP4,462,222,791,647
LECL_R_110978.MP4,498,176,847,609
RBZU_S_37729.MP4,523,251,759,568
VCSO_S_710664.MP4,443,104,878,676
BVGA_S_41738.MP4,459,111,812,518
EXVG_S_610498.MP4,443,194,765,547
XJJH_S_58614.MP4,471,243,732,570
GUQM_S_28335.MP4,543,77,865,522
ITYG_S_210854.MP4,440,196,751,630
SFEX_S_82574.MP4,456,141,813,593
YFPD_S_81139.MP4,456,164,808,564
NPXC_R_37729.MP4,587,145,881,535
ZBSZ_S_81139.MP4,504,118,844,622
VYSE_R_10963.MP4,446,57,807,505
IBSU_R_16793.MP4,481,240,782,577
JQNA_R_36884.MP4,491,173,783,565
AWHF_R_48056.MP4,474,117,780,494
QLNH_S_41738.MP4,472,220,784,588
ASOP_S_07187.MP4,548,207,837,568
IXYU_R_904103.MP4,524,194,858,594
PFWE_S_4510101.MP4,526,182,840,588
YKDT_S_28335.MP4,467,266,739,586
LYMD_R_16793.MP4,463,148,779,513
AIZE_R_28335.MP4,532,153,905,623
LXCP_R_4510101.MP4,543,305,805,610
AXPO_S_81139.MP4,576,261,859,610
FZWY_S_30126.MP4,441,202,775,636
PRFI_R_24408.MP4,488,74,862,543
VKJQ_R_470102.MP4,508,126,816,528
GGYT_R_27650.MP4,546,185,843,569
RVTG_S_4510101.MP4,479,147,796,567
HRDF_S_470102.MP4,538,183,917,638
CZLY_S_470102.MP4,405,164,777,675
QMSW_S_110978.MP4,503,159,796,509
ZGYB_R_43142.MP4,502,164,858,609
